A1,A2,A3,A4,B1,B2,B3,B4,C1,C2,C3,C4,D1,D2,D3,D4,Move
4,0,0,0,0,0,0,0,0,0,4,0,0,0,0,0,Left
4,0,0,0,0,0,0,0,4,0,0,0,0,0,4,0,Right
0,0,0,4,0,0,0,0,0,0,0,4,0,0,4,4,Right
0,0,0,4,0,0,0,4,0,0,0,4,0,0,0,8,Down
0,0,0,0,0,0,0,4,0,0,0,8,0,4,0,8,Right
0,0,0,0,0,4,0,4,0,0,0,8,0,0,4,8,Right
0,0,0,0,0,0,4,8,0,0,0,8,0,0,4,8,Up
0,0,8,16,0,4,0,8,0,0,0,0,0,0,0,0,Down
0,0,0,0,0,0,0,0,0,0,0,16,4,4,8,8,Up
4,4,8,16,0,0,0,8,0,0,0,4,0,0,0,0,Right
0,8,8,16,0,0,0,8,0,0,4,4,0,0,0,0,Down
0,0,0,0,4,0,0,16,0,0,8,8,0,8,4,4,Up
4,8,8,16,0,0,4,8,0,0,0,4,4,0,0,0,Down
0,0,0,0,0,0,0,16,0,4,8,8,8,8,4,4,Up
8,4,8,16,0,8,4,8,0,0,0,4,0,0,0,4,Up
8,4,8,16,0,8,4,8,4,0,0,8,0,0,0,0,Up
8,4,8,16,4,8,4,16,0,0,0,0,0,4,0,0,Up
8,4,8,32,4,8,4,0,0,4,0,4,0,0,0,0,Down
0,0,0,4,0,4,0,0,8,8,8,32,4,4,4,4,Right
4,0,0,4,0,0,0,4,0,8,16,32,0,0,8,8,Left
8,0,4,0,4,0,0,0,8,16,32,0,16,0,0,0,Down
8,0,0,4,4,0,0,0,8,0,4,0,16,16,32,0,Left
8,4,0,0,4,0,0,0,8,4,0,0,32,32,0,4,Down
8,0,4,0,4,0,0,0,8,8,0,0,32,32,0,4,Right
0,0,8,4,0,4,0,4,0,0,0,16,0,0,64,4,Down
0,0,0,0,4,0,0,8,0,0,8,16,0,4,64,4,Left
0,0,0,4,4,8,0,0,8,16,0,0,4,64,4,0,Up
4,8,4,4,8,16,0,0,4,64,0,0,0,0,4,0,Up
4,8,8,4,8,16,4,0,4,64,0,0,0,0,0,0,Right
0,4,16,4,0,8,16,4,4,0,4,64,0,0,0,0,Left
4,16,4,0,8,16,4,0,8,64,0,4,0,0,0,0,Right
0,4,16,4,0,8,16,4,0,8,64,4,4,0,0,0,Left
4,16,4,0,8,16,4,0,8,64,4,0,4,0,4,0,Left
4,16,4,4,8,16,4,0,8,64,4,0,8,0,0,0,Down
4,0,0,0,4,0,0,0,8,32,4,0,16,64,8,4,Right
0,4,0,4,0,0,0,4,0,8,32,4,16,64,8,4,Right
0,0,0,8,4,0,0,4,0,8,32,4,16,64,8,4,Right
0,0,0,8,0,0,4,8,0,8,32,4,16,64,8,4,Down
0,0,4,0,0,0,4,0,0,8,32,16,16,64,8,8,Up
16,8,8,16,0,64,32,8,0,0,8,0,0,0,4,0,Down
0,0,8,0,0,4,32,0,0,8,8,16,16,64,4,8,Left
8,0,0,4,4,32,0,0,16,16,0,0,16,64,4,8,Down
0,0,4,0,8,32,0,0,4,16,0,4,32,64,4,8,Left
4,4,0,0,8,32,0,0,4,16,4,0,32,64,4,8,Right
4,0,0,8,0,0,8,32,0,4,16,4,32,64,4,8,Up
4,4,8,8,32,64,16,32,0,0,4,4,4,0,0,8,Left
8,16,0,0,32,64,16,32,8,0,0,0,4,8,4,0,Right
0,0,8,16,32,64,16,32,0,0,0,8,4,4,8,4,Left
8,16,0,0,32,64,16,32,8,4,0,0,8,8,4,0,Up
8,16,16,32,32,64,4,0,16,4,0,0,4,8,0,0,Left
8,32,32,4,32,64,4,0,16,4,0,0,4,8,0,0,Left
8,64,4,0,32,64,4,0,16,4,4,0,4,8,0,0,Left
8,64,4,0,32,64,4,4,16,8,0,0,4,8,0,0,Left
8,64,4,0,32,64,8,4,16,8,0,0,4,8,0,0,Right
0,8,64,4,32,64,8,4,4,0,16,8,0,0,4,8,Left
8,64,4,0,32,64,8,4,4,16,8,4,4,8,0,0,Up
8,128,4,8,32,16,16,0,8,8,0,0,0,0,4,0,Down
0,0,0,0,8,128,4,4,32,16,16,0,8,8,4,8,Down
0,0,0,0,8,128,4,4,32,16,16,4,8,8,4,8,Right
0,4,0,0,0,8,128,8,0,32,32,4,0,16,4,8,Right
0,0,0,4,0,8,128,8,0,4,64,4,0,16,4,8,Left
4,4,0,0,8,128,8,0,4,64,4,0,16,4,8,0,Right
0,0,4,8,0,8,128,8,0,4,64,4,0,16,4,8,Down
4,0,4,0,0,8,128,16,0,4,64,4,0,16,4,8,Down
0,4,4,0,0,8,128,16,0,4,64,4,4,16,4,8,Up
4,4,4,16,0,8,128,4,0,4,64,8,0,16,4,4,Down
0,4,4,16,4,8,128,4,0,4,64,8,4,16,4,4,Right
4,0,8,16,4,8,128,4,0,4,64,8,0,4,16,8,Down
0,0,8,0,0,4,128,16,0,8,64,4,8,8,16,16,Down
0,4,8,0,0,0,128,16,0,4,64,4,8,16,16,16,Left
4,8,0,0,128,16,4,0,4,64,4,0,8,32,16,0,Up
4,8,8,4,128,16,16,0,4,64,0,0,8,32,0,0,Right
0,4,16,4,4,0,128,32,0,0,4,64,0,0,8,32,Down
0,0,16,4,0,0,128,32,4,0,4,64,4,4,8,32,Down
4,0,16,4,0,0,128,32,0,0,4,64,8,4,8,32,Right
0,4,16,4,4,0,128,32,0,0,4,64,8,4,8,32,Up
4,8,16,4,8,0,128,32,0,0,4,64,0,4,8,32,Left
4,8,16,4,8,128,32,0,4,64,0,4,4,8,32,0,Down
0,8,0,0,4,128,0,0,8,64,16,4,8,8,64,8,Left
8,4,0,0,4,128,0,0,8,64,16,4,16,64,8,0,Up
8,4,16,4,4,128,8,0,8,128,4,0,16,0,0,0,Up
8,4,16,4,4,256,8,0,8,0,4,0,16,4,0,0,Up
8,4,16,4,4,256,8,4,8,4,4,0,16,0,0,0,Right
8,4,16,4,4,256,8,4,0,0,8,8,0,4,0,16,Up
8,4,16,8,4,256,16,8,0,4,4,16,0,0,0,0,Down
0,0,0,4,0,4,0,0,8,256,32,16,4,4,4,16,Down
0,4,0,0,0,4,0,0,8,256,32,4,4,4,4,32,Right
0,4,0,4,0,0,0,4,8,256,32,4,0,4,8,32,Right
4,0,0,8,0,0,0,4,8,256,32,4,0,4,8,32,Up
4,256,32,8,8,4,8,8,0,0,4,32,0,0,0,0,Down
0,0,0,0,4,0,32,0,4,256,8,16,8,4,4,32,Up
8,256,32,16,8,4,8,32,0,4,4,0,0,0,0,0,Up
16,256,32,16,0,8,8,32,0,0,4,0,0,0,4,0,Left
16,256,32,16,16,32,0,4,4,0,0,0,4,0,0,0,Up
32,256,32,16,8,32,4,4,0,0,0,0,0,0,0,0,Right
32,256,32,16,0,8,32,8,0,0,0,0,0,0,4,0,Down
0,4,0,0,0,0,0,0,0,256,64,16,32,8,4,8,Down
4,0,0,0,0,4,0,0,0,256,64,16,32,8,4,8,Down
0,0,0,0,0,4,4,0,4,256,64,16,32,8,4,8,Left
0,0,0,0,8,0,4,0,4,256,64,16,32,8,4,8,Up
8,256,4,16,4,8,64,8,32,0,4,0,4,0,0,0,Left
8,256,4,16,4,8,64,8,32,4,0,4,4,0,0,0,Right
8,256,4,16,4,8,64,8,0,0,32,8,4,0,0,4,Down
0,4,0,0,0,0,4,16,8,256,64,16,8,8,32,4,Right
0,0,0,4,0,4,4,16,8,256,64,16,0,16,32,4,Up
8,4,4,4,0,256,64,32,4,16,32,4,0,0,0,0,Left
8,8,4,0,256,64,32,4,4,16,32,4,0,0,0,0,Left
16,4,0,0,256,64,32,4,4,16,32,4,0,0,4,0,Left
16,4,0,4,256,64,32,4,4,16,32,4,4,0,0,0,Down
4,0,0,0,16,4,0,0,256,64,0,4,8,16,64,8,Left
4,0,0,0,16,4,4,0,256,64,4,0,8,16,64,8,Down
4,0,0,0,16,4,0,4,256,64,8,0,8,16,64,8,Right
0,0,0,4,4,0,16,8,0,256,64,8,8,16,64,8,Up
4,256,16,4,8,16,128,16,0,4,0,8,0,0,0,0,Right
4,256,16,4,8,16,128,16,0,0,4,8,0,0,0,4,Down
0,4,0,4,0,0,16,16,4,256,128,8,8,16,4,4,Left
8,0,0,4,32,0,0,0,4,256,128,8,8,16,8,0,Up
8,256,128,4,32,16,8,8,4,0,0,0,8,4,0,0,Down
8,0,0,4,32,256,0,0,4,16,128,4,8,4,8,8,Right
0,4,8,4,0,0,32,256,4,16,128,4,0,8,4,16,Left
4,8,4,0,32,256,0,4,4,16,128,4,8,4,16,0,Up
4,8,4,8,32,256,128,0,4,16,16,4,8,4,0,0,Up
4,8,4,8,32,256,128,4,4,16,16,4,8,4,0,0,Right
4,8,4,8,32,256,128,4,0,4,32,4,4,0,8,4,Left
4,8,4,8,32,256,128,4,4,32,4,0,4,8,4,4,Right
4,8,4,8,32,256,128,4,0,4,32,4,4,4,8,8,Right
4,8,4,8,32,256,128,4,4,4,32,4,0,0,8,16,Right
4,8,4,8,32,256,128,4,0,8,32,4,4,0,8,16,Right
4,8,4,8,32,256,128,4,0,8,32,4,4,4,8,16,Up
4,8,4,8,32,256,128,8,4,8,32,16,0,4,8,4,Down
0,8,4,4,4,256,128,16,32,8,32,16,4,4,8,4,Down
0,8,4,4,4,256,128,4,32,8,32,32,4,4,8,4,Right
0,0,8,8,4,256,128,4,4,32,8,64,0,8,8,4,Down
0,0,0,8,0,256,8,4,4,32,128,64,8,8,16,4,Left
8,0,0,0,256,8,4,4,4,32,128,64,16,16,4,0,Down
8,0,4,0,256,8,4,0,4,32,128,4,16,16,4,64,Down
8,0,4,0,256,8,8,0,4,32,128,4,16,16,4,64,Left
8,4,0,0,256,16,0,4,4,32,128,4,32,4,64,0,Left
8,4,0,4,256,16,4,0,4,32,128,4,32,4,64,0,Right
0,0,8,8,0,256,16,4,4,32,128,4,4,32,4,64,Left
16,0,0,4,256,16,4,0,4,32,128,4,4,32,4,64,Down
0,0,0,0,16,0,4,4,256,16,128,8,8,64,4,64,Right
0,0,0,0,0,4,16,8,256,16,128,8,8,64,4,64,Up
256,4,16,16,8,16,128,64,0,64,4,0,0,4,0,0,Right
0,256,4,32,8,16,128,64,0,0,64,4,4,0,0,4,Up
8,256,4,32,4,16,128,64,0,0,64,8,0,0,0,4,Down
4,0,0,32,0,0,4,64,8,256,128,8,4,16,64,4,Up
4,256,4,32,8,16,128,64,4,4,64,8,0,0,0,4,Down
4,0,0,32,4,256,4,64,8,16,128,8,4,4,64,4,Up
8,256,4,32,8,16,128,64,4,4,64,8,4,0,0,4,Right
8,256,4,32,8,16,128,64,0,8,64,8,0,0,4,8,Down
0,0,4,0,4,256,128,32,0,16,64,64,16,8,4,16,Down
0,0,4,4,0,256,128,32,4,16,64,64,16,8,4,16,Left
8,4,0,0,256,128,32,0,4,16,128,0,16,8,4,16,Up
8,4,32,16,256,128,128,0,4,16,4,0,16,8,4,0,Left
8,4,32,16,256,256,0,0,4,16,4,4,16,8,4,0,Right
8,4,32,16,0,0,0,512,4,4,16,8,0,16,8,4,Up
8,8,32,16,4,16,16,512,0,0,8,8,4,0,0,4,Left
16,32,16,0,4,32,512,0,16,0,0,0,8,0,0,4,Right
0,16,32,16,4,4,32,512,0,0,0,16,0,0,8,4,Down
0,0,0,16,4,0,0,512,0,16,64,16,4,4,8,4,Right
0,0,4,16,0,0,4,512,0,16,64,16,0,8,8,4,Up
4,16,8,16,0,8,64,512,0,0,8,16,0,0,0,4,Down
0,0,0,16,4,0,8,512,0,16,64,16,4,8,8,4,Down
0,0,4,16,0,0,8,512,0,16,64,16,8,8,8,4,Up
8,16,4,16,4,8,8,512,0,0,64,16,0,0,8,4,Left
8,16,4,16,4,16,512,0,64,16,0,0,8,4,0,4,Left
8,16,4,16,4,16,512,0,64,16,0,0,8,8,4,0,Left
8,16,4,16,4,16,512,0,64,16,0,0,16,4,0,4,Up
8,32,4,16,4,16,512,4,64,4,0,0,16,4,0,0,Right
8,32,4,16,4,16,512,4,0,4,64,4,0,0,16,4,Down
0,4,4,0,0,32,512,16,8,16,64,4,4,4,16,8,Left
8,0,0,4,32,512,16,0,8,16,64,4,8,16,8,0,Up
8,512,16,8,32,32,64,4,16,0,8,0,0,0,0,0,Right
8,512,16,8,0,64,64,4,0,0,16,8,4,0,0,0,Right
8,512,16,8,4,0,128,4,0,0,16,8,0,0,0,4,Left
8,512,16,8,4,128,4,0,16,8,0,0,4,0,4,0,Right
8,512,16,8,0,4,128,4,4,0,16,8,0,0,0,8,Left
8,512,16,8,4,128,4,4,4,16,8,0,8,0,0,0,Up
8,512,16,8,8,128,4,4,8,16,8,0,0,4,0,0,Up
16,512,16,8,8,128,4,4,0,16,8,4,0,4,0,0,Right
16,512,16,8,0,8,128,8,4,16,8,4,0,0,0,4,Left
16,512,16,8,8,128,8,0,4,16,8,4,4,0,0,4,Right
16,512,16,8,4,8,128,8,4,16,8,4,0,0,0,8,Left
16,512,16,8,4,8,128,8,4,16,8,4,8,0,0,4,Up
16,512,16,16,8,8,128,8,8,16,8,0,0,0,4,0,Down
0,0,16,0,4,512,128,0,16,8,8,16,16,16,4,8,Up
4,512,16,16,32,8,128,8,0,16,8,4,0,0,4,0,Down
0,0,16,4,0,512,128,16,4,8,8,8,32,16,4,4,Left
16,4,0,0,512,128,16,0,4,16,8,4,32,16,8,0,Up
16,4,16,4,512,128,16,0,4,32,0,0,32,0,4,0,Down
16,4,0,0,512,4,0,0,4,128,32,0,32,32,4,4,Down
16,0,4,0,512,8,0,0,4,128,32,0,32,32,4,4,Down
16,0,4,0,512,8,4,0,4,128,32,0,32,32,4,4,Up
16,8,8,4,512,128,32,0,4,32,4,0,32,0,4,0,Right
0,16,16,4,0,512,128,32,0,4,32,4,4,0,32,4,Up
4,16,16,4,0,512,128,32,0,4,64,8,4,0,0,0,Up
8,16,16,4,0,512,128,32,0,4,64,8,0,0,4,0,Right
0,8,32,4,0,512,128,32,0,4,64,8,0,0,4,4,Down
0,0,32,4,0,8,128,32,0,512,64,8,4,4,4,4,Up
4,8,32,4,0,512,128,32,0,4,64,8,4,0,4,4,Right
4,8,32,4,4,512,128,32,0,4,64,8,0,0,4,8,Down
0,0,32,4,0,8,128,4,0,512,64,32,8,4,4,16,Left
32,4,0,4,8,128,4,0,512,64,32,0,8,8,16,0,Right
0,0,32,8,0,8,128,4,0,512,64,32,4,0,16,16,Right
0,0,32,8,4,8,128,4,0,512,64,32,0,0,4,32,Up
4,8,32,8,0,512,128,4,0,0,64,64,0,4,4,0,Left
4,8,32,8,512,128,4,0,128,0,4,0,8,0,0,0,Left
4,8,32,8,512,128,4,0,128,4,4,0,8,0,0,0,Down
4,0,0,0,512,8,0,0,128,128,32,4,8,4,8,8,Left
4,0,0,0,512,8,0,0,256,32,4,0,8,4,16,4,Right
0,0,0,4,0,0,512,8,4,256,32,4,8,4,16,4,Down
0,0,0,0,0,4,512,4,4,256,32,8,8,4,16,8,Left
0,0,0,0,4,512,4,4,4,256,32,8,8,4,16,8,Down
4,0,0,0,0,512,4,0,8,256,32,4,8,4,16,16,Right
4,0,0,4,0,0,512,4,8,256,32,4,0,8,4,32,Right
0,0,0,8,4,0,512,4,8,256,32,4,0,8,4,32,Up
4,256,512,8,8,8,32,8,0,0,4,32,0,4,0,0,Right
4,256,512,8,4,16,32,8,0,0,4,32,0,0,0,4,Left
4,256,512,8,4,16,32,8,4,32,0,0,4,4,0,0,Up
8,256,512,16,8,16,32,4,0,32,0,0,0,4,0,0,Left
8,256,512,16,8,16,32,4,32,0,0,0,4,4,0,0,Right
8,256,512,16,8,16,32,4,0,0,4,32,0,0,0,8,Left
8,256,512,16,8,16,32,4,4,32,0,0,8,4,0,0,Down
0,256,0,0,16,16,0,4,4,32,512,16,8,4,32,4,Right
0,4,0,256,0,0,32,4,4,32,512,16,8,4,32,4,Right
0,4,4,256,0,0,32,4,4,32,512,16,8,4,32,4,Down
0,4,4,256,0,4,32,4,4,32,512,16,8,4,32,4,Up
4,8,4,256,8,32,32,4,4,4,512,16,0,0,32,4,Left
4,8,4,256,8,64,4,0,8,512,16,4,32,4,0,0,Down
0,8,0,0,4,64,0,4,16,512,8,256,32,4,16,4,Up
4,8,8,4,16,64,16,256,32,512,0,4,4,4,0,0,Right
0,4,16,4,16,64,16,256,4,32,512,4,0,0,0,8,Up
16,4,32,4,4,64,512,256,0,32,0,4,0,4,0,8,Left
16,4,32,4,4,64,512,256,32,4,0,0,4,8,0,4,Right
16,4,32,4,4,64,512,256,0,4,32,4,0,4,8,4,Left
16,4,32,4,4,64,512,256,4,32,4,0,4,8,4,4,Up
16,4,32,4,8,64,512,256,4,32,8,4,0,8,0,4,Left
16,4,32,4,8,64,512,256,4,32,8,4,8,4,4,0,Left
16,4,32,4,8,64,512,256,4,32,8,4,8,8,4,0,Down
16,4,32,4,8,64,512,4,4,32,8,256,8,8,4,4,Down
16,4,32,4,8,64,512,8,4,32,8,256,8,8,4,4,Right
16,4,32,4,8,64,512,8,4,32,8,256,4,0,16,8,Left
16,4,32,4,8,64,512,8,4,32,8,256,4,16,8,4,Down
4,4,0,4,16,64,32,8,8,32,512,256,8,16,16,4,Up
4,4,32,4,16,64,512,8,16,32,16,256,4,16,0,4,Down
0,4,4,4,4,64,32,8,32,32,512,256,4,16,16,4,Right
0,0,4,8,4,64,32,8,0,64,512,256,4,4,32,4,Up
8,128,4,16,0,4,32,256,4,0,512,4,0,0,32,0,Up
8,128,4,16,4,4,32,256,0,0,512,4,0,4,32,0,Left
8,128,4,16,8,32,256,0,512,4,0,0,4,32,0,4,Down
0,128,0,0,16,32,4,0,512,4,4,16,4,32,256,4,Right
0,0,0,128,0,16,32,4,4,512,8,16,4,32,256,4,Down
0,0,0,128,0,16,32,4,4,512,8,16,8,32,256,4,Left
128,0,0,4,16,32,4,0,4,512,8,16,8,32,256,4,Down
128,0,4,0,16,32,4,4,4,512,8,16,8,32,256,4,Left
128,4,0,4,16,32,8,0,4,512,8,16,8,32,256,4,Right
0,0,128,8,4,16,32,8,4,512,8,16,8,32,256,4,Left
128,8,0,4,4,16,32,8,4,512,8,16,8,32,256,4,Left
128,8,4,4,4,16,32,8,4,512,8,16,8,32,256,4,Left
128,8,8,4,4,16,32,8,4,512,8,16,8,32,256,4,Left
128,16,4,4,4,16,32,8,4,512,8,16,8,32,256,4,Up
128,32,4,4,8,512,32,8,8,32,8,16,0,4,256,4,Left
128,32,8,4,8,512,32,8,8,32,8,16,4,256,4,0,Up
128,32,8,4,16,512,32,8,4,32,8,16,4,256,4,0,Down
0,32,8,4,128,512,32,4,16,32,8,8,8,256,4,16,Up
128,32,8,8,16,512,32,8,8,32,8,16,0,256,4,4,Left
128,32,16,0,16,512,32,8,8,32,8,16,256,8,4,0,Down
128,32,16,4,16,512,32,0,8,32,8,8,256,8,4,16,Right
128,32,16,4,0,16,512,32,4,8,32,16,256,8,4,16,Up
128,32,16,4,4,16,512,32,256,16,32,32,0,4,4,0,Down
0,4,16,0,128,32,512,0,4,32,32,4,256,4,4,64,Left
4,16,0,0,128,32,512,4,4,64,4,0,256,8,64,0,Down
4,16,0,4,128,32,512,0,4,64,4,0,256,8,64,4,Up
4,16,512,8,128,32,4,4,4,64,64,0,256,8,0,0,Left
4,16,512,8,128,32,8,4,4,128,0,0,256,8,0,0,Down
4,16,0,0,128,32,0,4,4,128,512,8,256,8,8,4,Right
0,0,4,16,4,128,32,4,4,128,512,8,0,256,16,4,Left
4,16,0,0,4,128,32,4,4,128,512,8,256,16,4,4,Right
0,0,4,16,4,128,32,4,4,128,512,8,4,256,16,8,Left
4,16,0,4,4,128,32,4,4,128,512,8,4,256,16,8,Up
8,16,32,8,8,256,512,16,0,256,16,0,0,4,0,0,Up
16,16,32,8,0,512,512,16,0,4,16,4,0,0,0,0,Right
0,32,32,8,0,0,1024,16,0,4,16,4,0,0,0,4,Right
0,0,64,8,0,4,1024,16,0,4,16,4,0,0,0,4,Down
0,0,4,0,0,0,64,8,0,0,1024,16,0,8,16,8,Left
4,0,0,0,64,8,0,4,1024,16,0,0,8,16,8,0,Down
4,4,0,0,64,0,0,0,1024,8,0,0,8,32,8,4,Left
8,0,4,0,64,0,0,0,1024,8,0,0,8,32,8,4,Up
8,8,4,4,64,32,8,4,1024,0,0,0,8,0,0,0,Right
0,0,16,8,64,32,8,4,4,0,0,1024,0,0,0,8,Up
64,32,16,8,4,0,8,4,0,0,4,1024,0,0,0,8,Right
64,32,16,8,0,4,8,4,0,0,4,1024,4,0,0,8,Right
64,32,16,8,4,4,8,4,0,0,4,1024,0,0,4,8,Down
0,0,0,8,0,4,16,4,64,32,8,1024,4,4,8,8,Right
0,0,0,8,4,4,16,4,64,32,8,1024,0,0,8,16,Right
0,0,0,8,0,8,16,4,64,32,8,1024,4,0,8,16,Left
8,4,0,0,8,16,4,0,64,32,8,1024,4,8,16,0,Down
0,4,0,0,16,16,4,0,64,32,8,4,4,8,16,1024,Left
4,0,4,0,32,4,0,0,64,32,8,4,4,8,16,1024,Down
4,0,4,0,32,4,4,0,64,32,8,4,4,8,16,1024,Left
8,0,0,4,32,8,0,0,64,32,8,4,4,8,16,1024,Down
8,0,0,0,32,8,4,0,64,32,8,8,4,8,16,1024,Right
0,0,0,8,4,32,8,4,0,64,32,16,4,8,16,1024,Left
8,0,0,4,4,32,8,4,64,32,16,0,4,8,16,1024,Down
8,0,0,0,4,4,0,0,64,64,8,8,4,8,32,1024,Up
8,4,8,8,4,64,32,1024,64,8,0,0,4,4,0,0,Left
8,4,16,0,4,64,32,1024,64,8,0,0,8,0,0,4,Right
0,8,4,16,4,64,32,1024,0,4,64,8,0,0,8,4,Down
0,0,4,16,4,8,32,1024,0,64,64,8,4,4,8,4,Left
4,16,0,4,4,8,32,1024,128,8,0,0,8,8,4,0,Up
8,16,32,4,128,16,4,1024,8,8,0,0,4,0,0,0,Down
8,0,0,4,128,0,0,0,8,32,32,4,4,8,4,1024,Up
8,32,32,8,128,8,4,1024,8,0,0,0,4,0,4,0,Left
8,64,8,0,128,8,4,1024,8,0,0,4,8,0,0,0,Left
8,64,8,0,128,8,4,1024,8,4,0,0,8,4,0,0,Right
0,8,64,8,128,8,4,1024,0,0,8,4,0,4,8,4,Down
0,0,0,0,4,0,64,8,0,16,4,1024,128,4,16,8,Down
0,4,0,0,0,0,64,8,4,16,4,1024,128,4,16,8,Left
4,0,0,4,64,8,0,0,4,16,4,1024,128,4,16,8,Up
4,8,4,4,64,16,16,1024,4,4,0,8,128,0,0,4,Left
4,8,8,0,64,32,1024,0,8,8,4,0,128,4,0,0,Down
4,8,0,0,64,32,8,4,8,8,1024,0,128,4,4,0,Down
4,8,0,4,64,32,8,0,8,8,1024,0,128,4,4,4,Up
4,8,8,8,64,32,1024,0,8,8,4,0,128,4,0,4,Right
0,4,8,16,4,64,32,1024,0,0,16,4,0,0,128,8,Up
4,4,8,16,4,64,32,1024,0,0,16,4,0,0,128,8,Left
8,8,16,0,4,64,32,1024,16,4,4,0,128,8,0,0,Left
16,16,0,0,4,64,32,1024,16,8,4,0,128,8,0,0,Left
32,0,0,0,4,64,32,1024,16,8,4,4,128,8,0,0,Left
32,0,0,0,4,64,32,1024,16,8,8,0,128,8,0,4,Up
32,64,32,1024,4,16,8,4,16,0,4,0,128,0,0,0,Left
32,64,32,1024,4,16,8,4,16,4,0,0,128,0,4,0,Right
32,64,32,1024,4,16,8,4,0,0,16,4,4,0,128,4,Up
32,64,32,1024,8,16,8,8,0,0,16,4,0,4,128,0,Left
32,64,32,1024,8,16,16,4,16,4,0,0,4,128,0,0,Left
32,64,32,1024,8,32,4,0,16,4,4,0,4,128,0,0,Right
32,64,32,1024,4,8,32,4,0,0,16,8,0,0,4,128,Up
32,64,64,1024,4,8,16,4,0,0,4,8,0,4,0,128,Left
32,128,1024,0,4,8,16,4,4,8,4,0,4,128,0,0,Up
32,128,1024,4,8,16,16,0,4,128,4,0,0,4,0,0,Right
32,128,1024,4,0,0,8,32,0,4,128,4,0,0,4,4,Up
32,128,1024,4,0,4,8,32,4,0,128,8,0,0,4,0,Down
0,0,1024,0,4,0,8,4,32,128,128,32,4,4,4,8,Left
1024,0,0,0,4,8,4,4,32,256,32,0,8,4,8,0,Up
1024,8,4,4,4,256,32,0,32,4,8,0,8,0,0,4,Left
1024,8,8,0,4,256,32,0,32,4,8,0,8,4,4,0,Left
1024,16,4,0,4,256,32,0,32,4,8,0,8,8,0,0,Down
1024,16,0,0,4,256,4,0,32,4,32,0,8,8,8,4,Left
1024,16,0,0,4,256,4,0,32,4,32,0,16,8,4,4,Right
0,0,1024,16,0,4,256,4,4,32,4,32,0,16,8,8,Left
1024,16,0,4,4,256,4,0,4,32,4,32,16,16,0,0,Up
1024,16,8,4,8,256,0,32,16,32,0,4,0,16,0,0,Down
0,16,0,0,1024,256,0,4,8,32,4,32,16,16,8,4,Right
4,0,0,16,0,1024,256,4,8,32,4,32,0,32,8,4,Up
4,1024,256,16,8,64,4,4,0,0,8,32,0,0,4,4,Right
4,1024,256,16,0,8,64,8,0,4,8,32,0,0,0,8,Left
4,1024,256,16,8,64,8,4,4,8,32,0,8,0,0,0,Down
4,4,0,0,8,1024,256,0,4,64,8,16,8,8,32,4,Left
8,0,0,0,8,1024,256,4,4,64,8,16,16,32,4,0,Up
16,1024,256,4,4,64,8,16,16,32,4,0,4,0,0,0,Right
16,1024,256,4,4,64,8,16,0,16,32,4,0,0,4,4,Up
16,1024,256,4,4,64,8,16,0,16,32,8,4,0,4,0,Down
0,0,256,4,0,1024,8,4,16,64,32,16,8,16,4,8,Up
16,1024,256,8,8,64,8,16,0,16,32,8,4,0,4,0,Right
16,1024,256,8,8,64,8,16,0,16,32,8,0,4,0,8,Up
16,1024,256,8,8,64,8,16,4,16,32,16,0,4,0,0,Right
16,1024,256,8,8,64,8,16,4,16,32,16,0,0,4,4,Down
4,0,256,0,16,1024,8,8,8,64,32,32,4,16,4,4,Right
0,0,4,256,0,16,1024,16,4,8,64,64,0,4,16,8,Up
4,16,4,256,4,8,1024,16,0,4,64,64,0,0,16,8,Up
8,16,4,256,0,8,1024,16,0,4,64,64,4,0,16,8,Down
0,4,4,256,0,16,1024,16,8,8,64,64,4,4,16,8,Right
0,0,8,256,0,16,1024,16,4,0,16,128,0,8,16,8,Up
4,16,8,256,0,8,1024,16,0,0,32,128,4,0,0,8,Down
0,0,4,256,0,0,8,16,0,16,1024,128,8,8,32,8,Left
4,256,0,0,8,16,0,4,16,1024,128,0,16,32,8,0,Down
0,256,4,0,4,16,0,0,8,1024,128,0,32,32,8,4,Down
0,256,0,4,4,16,4,0,8,1024,128,0,32,32,8,4,Left
256,4,0,4,4,16,4,0,8,1024,128,0,64,8,4,0,Up
256,4,4,4,4,16,128,4,8,1024,4,0,64,8,0,0,Down
256,4,0,4,4,16,4,0,8,1024,128,0,64,8,4,8,Right
0,0,256,8,4,4,16,4,0,8,1024,128,64,8,4,8,Up
4,4,256,8,64,16,16,4,0,4,1024,128,0,0,4,8,Down
0,0,256,8,4,4,16,4,4,16,1024,128,64,4,4,8,Up
8,4,256,8,64,16,16,4,0,4,1024,128,0,4,4,8,Up
8,4,256,8,64,16,16,4,0,8,1024,128,4,0,4,8,Up
8,4,256,8,64,16,16,4,4,8,1024,128,0,4,4,8,Down
4,4,256,8,8,16,16,4,64,8,1024,128,4,4,4,8,Right
0,8,256,8,0,8,32,4,64,8,1024,128,4,4,8,8,Up
64,16,256,8,4,8,32,4,4,4,1024,128,0,0,8,8,Up
64,16,256,8,8,8,32,4,0,4,1024,128,4,0,8,8,Right
64,16,256,8,0,16,32,4,0,4,1024,128,0,4,4,16,Right
64,16,256,8,0,16,32,4,0,4,1024,128,4,0,8,16,Left
64,16,256,8,16,32,4,4,4,1024,128,0,4,8,16,0,Left
64,16,256,8,16,32,8,0,4,1024,128,0,4,8,16,4,Down
0,16,256,0,64,32,8,4,16,1024,128,8,8,8,16,4,Up
64,16,256,4,16,32,8,8,8,1024,128,4,0,8,16,4,Right
64,16,256,4,4,16,32,16,8,1024,128,4,0,8,16,4,Down
0,0,256,4,64,32,32,4,4,1024,128,16,8,8,16,8,Left
256,4,0,0,64,64,4,0,4,1024,128,16,16,16,8,4,Up
256,4,4,16,64,64,128,4,4,1024,8,0,16,16,0,4,Up
256,4,4,16,64,64,128,8,4,1024,8,0,16,16,4,0,Left
256,8,16,4,128,128,8,0,4,1024,8,0,32,4,0,0,Down
256,8,4,0,128,128,0,0,4,1024,16,0,32,4,16,4,Left
256,8,4,0,256,0,0,0,4,1024,16,4,32,4,16,4,Down
0,4,0,0,512,8,0,0,4,1024,4,0,32,4,32,8,Left
4,0,0,0,512,8,4,0,4,1024,4,0,32,4,32,8,Right
0,4,0,4,0,512,8,4,0,4,1024,4,32,4,32,8,Right
0,0,0,8,0,512,8,4,4,4,1024,4,32,4,32,8,Up
4,512,8,8,32,8,1024,8,0,4,32,8,0,0,0,0,Right
0,4,512,16,32,8,1024,8,0,4,32,8,4,0,0,0,Down
0,0,0,0,0,4,512,4,32,8,1024,16,4,4,32,16,Down
0,0,0,0,4,4,512,0,32,8,1024,4,4,4,32,32,Right
0,4,0,0,0,0,8,512,32,8,1024,4,0,0,8,64,Left
4,0,0,0,8,512,0,0,32,8,1024,4,8,64,4,0,Up
4,512,1024,4,8,8,4,4,32,64,0,0,8,0,0,0,Left
4,512,1024,4,16,8,0,0,32,64,0,0,8,4,0,0,Right
4,512,1024,4,0,0,16,8,0,0,32,64,0,4,8,4,Left
4,512,1024,4,16,8,0,4,32,64,0,0,4,8,4,0,Left
4,512,1024,4,16,8,4,0,32,64,4,0,4,8,4,0,Up
4,512,1024,4,16,8,8,4,32,64,4,0,4,8,0,0,Right
4,512,1024,4,0,16,16,4,0,32,64,4,0,4,4,8,Down
0,512,1024,4,0,16,16,4,0,32,64,8,4,4,4,8,Down
4,512,1024,0,0,16,16,0,0,32,64,8,4,4,4,16,Left
4,512,1024,0,32,0,0,0,32,64,8,0,8,4,16,4,Up
4,512,1024,4,64,64,8,0,8,4,16,0,0,0,4,0,Left
4,512,1024,4,128,8,0,0,8,4,16,0,4,0,4,0,Down
4,4,0,0,128,512,1024,0,8,8,16,0,4,4,4,4,Right
0,0,0,8,0,128,512,1024,0,0,16,16,0,4,8,8,Right
0,0,0,8,0,128,512,1024,0,0,4,32,0,0,4,16,Up
0,128,512,8,0,0,8,1024,0,0,0,32,0,0,4,16,Up
0,128,512,8,0,4,8,1024,0,0,4,32,0,0,0,16,Left
128,512,8,0,4,8,1024,0,4,32,0,0,16,0,4,0,Down
0,0,4,0,128,512,8,0,8,8,1024,0,16,32,4,0,Right
0,0,0,4,0,128,512,8,0,4,16,1024,0,16,32,4,Left
4,0,0,4,128,512,8,0,4,16,1024,0,16,32,4,0,Right
0,0,4,8,0,128,512,8,0,4,16,1024,0,16,32,4,Up
0,128,4,16,0,4,512,1024,0,16,16,4,0,0,32,4,Up
0,128,4,16,0,4,512,1024,4,16,16,8,0,0,32,0,Left
128,4,16,0,4,512,1024,4,4,32,8,0,32,0,0,0,Down
0,0,0,0,128,4,16,0,8,512,1024,4,32,32,8,4,Down
0,0,0,0,128,4,16,4,8,512,1024,0,32,32,8,8,Right
0,0,4,0,128,4,16,4,0,8,512,1024,0,0,64,16,Down
0,0,4,4,0,0,16,4,0,4,512,1024,128,8,64,16,Down
0,0,4,0,4,0,16,8,0,4,512,1024,128,8,64,16,Up
4,4,4,8,128,8,16,1024,4,0,512,16,0,0,64,0,Right
4,4,8,8,128,8,16,1024,0,4,512,16,0,0,0,64,Down
0,0,0,8,4,4,8,1024,4,8,16,16,128,4,512,64,Left
8,0,0,0,8,8,1024,4,4,8,32,0,128,4,512,64,Right
4,0,0,8,0,16,1024,4,0,4,8,32,128,4,512,64,Right
0,4,4,8,0,16,1024,4,0,4,8,32,128,4,512,64,Down
0,0,4,8,0,4,1024,4,4,16,8,32,128,8,512,64,Up
4,4,4,8,128,16,1024,4,4,8,8,32,0,0,512,64,Right
4,4,8,8,128,16,1024,4,0,4,16,32,0,0,512,64,Right
0,0,8,16,128,16,1024,4,4,4,16,32,0,0,512,64,Down
4,0,8,16,0,0,1024,4,128,16,16,32,4,4,512,64,Right
4,4,8,16,0,0,1024,4,0,128,32,32,0,8,512,64,Right
0,8,8,16,0,0,1024,4,0,4,128,64,0,8,512,64,Up
0,8,8,16,0,4,1024,4,0,8,128,128,4,0,512,0,Left
16,16,0,0,4,1024,4,4,8,256,0,0,4,512,0,0,Right
0,0,0,32,0,4,1024,8,0,0,8,256,4,0,4,512,Up
4,4,1024,32,0,0,8,8,0,4,4,256,0,0,0,512,Right
0,8,1024,32,0,0,0,16,0,4,8,256,0,0,0,512,Up
0,8,1024,32,0,4,8,16,0,0,0,256,0,4,0,512,Right
0,8,1024,32,0,4,8,16,0,0,0,256,0,4,4,512,Down
0,0,0,32,4,0,1024,16,0,8,8,256,0,8,4,512,Right
0,0,4,32,0,4,1024,16,0,0,16,256,0,8,4,512,Up
0,4,4,32,4,8,1024,16,0,0,16,256,0,0,4,512,Left
8,32,0,4,4,8,1024,16,16,256,0,0,4,512,0,0,Down
8,32,0,4,4,8,0,0,16,256,0,4,4,512,1024,16,Up
8,32,1024,8,4,8,0,16,16,256,0,4,4,512,0,0,Right
8,32,1024,8,0,4,8,16,0,16,256,4,0,4,4,512,Right
8,32,1024,8,0,4,8,16,0,16,256,4,0,4,8,512,Down
4,32,1024,8,0,4,8,16,0,16,256,4,8,4,8,512,Up
4,32,1024,8,8,4,8,16,0,16,256,4,4,4,8,512,Down
4,32,1024,8,4,4,8,16,8,16,256,4,4,4,8,512,Left
4,32,1024,8,8,8,16,4,8,16,256,4,8,8,512,0,Left
4,32,1024,8,16,16,4,4,8,16,256,4,16,512,0,0,Right
4,32,1024,8,4,0,32,8,8,16,256,4,0,0,16,512,Left
4,32,1024,8,4,32,8,0,8,16,256,4,16,512,4,0,Up
8,64,1024,8,8,16,8,4,16,512,256,0,0,0,4,4,Up
16,64,1024,8,16,16,8,8,0,512,256,0,0,4,4,0,Right
16,64,1024,8,4,0,32,16,0,0,512,256,0,0,0,8,Right
16,64,1024,8,0,4,32,16,0,0,512,256,4,0,0,8,Down
0,0,0,8,0,4,1024,16,16,64,32,256,4,4,512,8,Right
0,0,4,8,0,4,1024,16,16,64,32,256,0,8,512,8,Up
16,4,4,8,0,64,1024,16,4,8,32,256,0,0,512,8,Up
16,4,4,8,4,64,1024,16,0,8,32,256,4,0,512,8,Up
16,4,4,8,8,64,1024,16,4,8,32,256,0,0,512,8,Right
4,16,8,8,8,64,1024,16,4,8,32,256,0,0,512,8,Down
4,0,8,8,4,16,1024,16,8,64,32,256,4,8,512,8,Right
0,4,4,16,4,16,1024,16,8,64,32,256,4,8,512,8,Down
4,4,4,0,4,16,1024,32,8,64,32,256,4,8,512,8,Left
8,4,4,0,4,16,1024,32,8,64,32,256,4,8,512,8,Up
8,4,4,32,4,16,1024,256,8,64,32,8,4,8,512,4,Left
8,8,32,4,4,16,1024,256,8,64,32,8,4,8,512,4,Right
4,16,32,4,4,16,1024,256,8,64,32,8,4,8,512,4,Up
8,32,32,4,8,64,1024,256,4,8,32,8,0,4,512,4,Left
8,64,4,0,8,64,1024,256,4,8,32,8,4,512,4,4,Left
8,64,4,4,8,64,1024,256,4,8,32,8,4,512,8,0,Down
0,0,4,0,4,128,1024,4,16,8,32,256,8,512,8,8,Right
0,0,0,4,4,128,1024,4,16,8,32,256,4,8,512,16,Up
4,128,1024,8,16,16,32,256,4,0,512,16,0,0,0,4,Right
4,128,1024,8,0,32,32,256,0,4,512,16,0,4,0,4,Right
4,128,1024,8,4,0,64,256,0,4,512,16,0,0,0,8,Right
4,128,1024,8,0,4,64,256,0,4,512,16,0,4,0,8,Up
4,128,1024,8,0,8,64,256,0,4,512,16,4,0,0,8,Up
8,128,1024,8,0,8,64,256,4,4,512,16,0,0,0,8,Up
8,128,1024,8,4,8,64,256,4,4,512,16,0,0,0,8,Right
8,128,1024,8,4,8,64,256,0,8,512,16,4,0,0,8,Right
8,128,1024,8,4,8,64,256,0,8,512,16,4,0,4,8,Up
8,128,1024,8,8,16,64,256,0,0,512,16,0,4,4,8,Left
8,128,1024,8,8,16,64,256,512,16,0,0,8,8,0,4,Left
8,128,1024,8,8,16,64,256,512,16,4,0,16,4,0,0,Down
0,0,0,4,16,128,1024,0,512,32,64,8,16,4,4,256,Right
0,4,0,4,0,16,128,1024,512,32,64,8,0,16,8,256,Up
512,4,128,4,0,16,64,1024,0,32,8,8,0,16,4,256,Right
512,4,128,4,0,16,64,1024,0,0,32,16,4,16,4,256,Left
512,4,128,4,16,64,1024,0,32,16,4,0,4,16,4,256,Up
512,4,128,4,16,64,1024,256,32,32,8,0,4,0,0,4,Up
512,4,128,4,16,64,1024,256,32,32,8,4,4,0,0,4,Down
512,0,0,4,16,4,128,4,32,64,1024,256,4,32,8,8,Up
512,4,128,8,16,64,1024,256,32,32,8,8,4,0,0,4,Down
512,4,0,8,16,4,128,256,32,64,1024,8,4,32,8,4,Up
512,8,128,8,16,64,1024,256,32,32,8,8,4,4,0,4,Down
512,8,4,8,16,64,128,256,32,32,1024,8,4,4,8,4,Right
512,8,4,8,16,64,128,256,4,64,1024,8,0,8,8,4,Up
512,8,4,8,16,128,128,256,4,8,1024,8,0,4,8,4,Down
4,8,4,8,512,128,128,256,16,8,1024,8,4,4,8,4,Right
4,8,4,8,0,512,256,256,16,8,1024,8,4,8,8,4,Right
4,8,4,8,4,0,512,512,16,8,1024,8,0,4,16,4,Left
4,8,4,8,4,1024,4,0,16,8,1024,8,4,16,4,0,Up
8,8,8,16,16,1024,1024,0,4,8,4,0,4,16,0,0,Right
0,8,16,16,0,0,16,2048,0,4,8,4,0,0,4,16,None
0,0,0,0,4,0,0,0,0,0,4,0,0,0,0,0,Right
0,0,0,4,0,0,0,4,0,0,0,4,0,0,0,0,Down
0,0,0,0,4,0,0,0,0,0,0,4,0,0,0,8,Down
0,0,0,0,0,0,0,0,0,0,4,4,4,0,0,8,Left
0,0,0,0,0,0,0,0,8,4,0,0,4,8,0,0,Right
0,0,4,0,0,0,0,0,0,0,8,4,0,0,4,8,Up
0,0,4,4,0,0,8,8,0,0,4,4,0,0,0,0,Right
0,0,0,8,0,0,0,16,0,0,0,8,0,4,0,0,Up
0,4,0,8,0,0,4,16,0,0,0,8,0,0,0,0,Left
4,8,0,0,4,16,0,0,8,0,0,0,0,0,4,0,Down
0,0,0,0,0,4,0,0,8,8,0,0,8,16,4,0,Up
16,4,4,0,0,8,0,4,0,16,0,0,0,0,0,0,Right
0,0,16,8,0,0,8,4,0,0,0,16,0,4,0,0,Down
4,0,0,0,0,0,0,8,0,0,16,4,0,4,8,16,Down
0,0,4,0,0,0,0,8,0,0,16,4,4,4,8,16,Down
0,0,0,4,0,0,4,8,0,0,16,4,4,4,8,16,Right
0,0,0,4,4,0,4,8,0,0,16,4,0,8,8,16,Up
4,8,4,4,0,4,16,8,0,0,8,4,0,0,0,16,Left
4,8,8,0,4,16,8,0,8,4,0,0,16,0,4,0,Down
0,0,0,4,8,8,0,0,8,16,16,0,16,4,4,0,Up
16,8,16,4,16,16,4,0,0,4,0,0,0,0,4,0,Down
0,0,0,0,4,8,0,0,0,16,16,0,32,4,8,4,Right
0,0,4,0,0,0,4,8,0,0,0,32,32,4,8,4,Left
4,0,0,0,4,8,0,0,32,4,0,0,32,4,8,4,Down
0,0,0,0,0,0,4,0,8,8,0,0,64,8,8,4,Down
0,0,0,0,0,0,0,0,8,4,4,0,64,16,8,4,Up
8,4,4,4,64,16,8,4,0,0,0,0,0,0,0,0,Right
0,8,4,8,64,16,8,4,0,0,0,0,0,0,4,0,Right
0,8,4,8,64,16,8,4,0,0,4,0,0,0,0,4,Right
0,8,4,8,64,16,8,4,0,0,0,4,0,4,0,4,Right
0,8,4,8,64,16,8,4,0,0,0,4,0,0,4,8,Down
4,0,0,0,0,0,4,8,0,8,8,8,64,16,4,8,Right
0,0,0,4,0,0,4,8,0,4,8,16,64,16,4,8,Up
64,4,4,4,0,16,8,8,0,0,4,16,0,0,4,8,Left
64,8,4,4,16,16,0,0,4,16,0,0,4,8,0,0,Left
64,8,8,0,32,0,0,0,4,16,0,4,4,8,0,0,Left
64,16,0,0,32,0,0,0,4,16,4,0,4,8,4,0,Up
64,32,8,0,32,8,0,0,8,0,0,0,0,4,0,0,Right
0,64,32,8,0,0,32,8,0,0,0,8,4,0,0,4,Left
64,32,8,0,32,8,4,0,8,0,0,0,8,0,0,0,Up
64,32,8,0,32,8,4,0,16,0,0,0,4,0,0,0,Down
64,0,4,0,32,0,0,0,16,32,8,0,4,8,4,0,Right
0,4,64,4,0,0,0,32,0,16,32,8,0,4,8,4,Down
4,0,0,4,0,4,64,32,0,16,32,8,0,4,8,4,Up
4,4,64,4,0,16,32,32,0,4,8,8,4,0,0,4,Down
0,0,0,4,0,4,64,32,4,16,32,8,8,4,8,4,Up
4,4,64,4,8,16,32,32,0,4,8,8,0,4,0,4,Left
8,64,4,0,8,16,64,0,4,16,0,0,8,0,0,4,Left
8,64,4,0,8,16,64,0,4,16,0,4,8,4,0,0,Right
0,8,64,4,0,8,16,64,4,4,16,4,0,0,8,4,Up
4,16,64,4,0,4,32,64,0,0,8,8,0,0,4,0,Down
0,0,64,0,0,4,32,4,0,16,8,64,4,4,4,8,Up
4,4,64,4,0,16,32,64,0,4,8,8,4,0,4,0,Right
0,8,64,4,0,16,32,64,0,0,4,16,0,0,4,8,Down
0,0,0,4,0,0,64,64,0,8,32,16,4,16,8,8,Left
4,0,4,0,128,0,0,0,8,32,16,0,4,16,16,0,Right
0,0,0,8,4,0,0,128,0,8,32,16,0,0,4,32,Down
0,0,0,8,0,0,4,128,0,0,32,16,4,8,4,32,Up
4,8,4,8,0,0,32,128,0,0,4,16,0,0,4,32,Up
4,8,4,8,0,0,32,128,0,0,8,16,0,4,0,32,Down
0,0,0,8,4,0,4,128,0,8,32,16,4,4,8,32,Right
0,0,0,8,0,0,8,128,0,8,32,16,4,8,8,32,Up
4,16,8,8,0,0,32,128,0,0,8,16,4,0,0,32,Left
4,16,16,0,32,128,4,0,8,16,0,0,4,32,0,0,Right
0,4,4,32,0,32,128,4,0,0,8,16,0,0,4,32,Left
8,32,4,0,32,128,4,0,8,16,0,0,4,32,0,0,Up
8,32,8,0,32,128,0,4,8,16,0,0,4,32,0,0,Right
0,8,32,8,0,32,128,4,4,0,8,16,0,0,4,32,Right
0,8,32,8,0,32,128,4,0,4,8,16,4,0,4,32,Down
0,4,32,8,0,8,128,4,0,32,8,16,4,4,4,32,Up
4,4,32,8,0,8,128,4,0,32,8,16,4,4,4,32,Down
0,4,32,8,4,8,128,4,0,32,8,16,8,4,4,32,Right
0,4,32,8,4,8,128,4,4,32,8,16,0,8,8,32,Right
0,4,32,8,4,8,128,4,4,32,8,16,0,4,16,32,Up
8,4,32,8,4,8,128,4,0,32,8,16,0,4,16,32,Left
8,4,32,8,4,8,128,4,32,8,16,4,4,16,32,0,Down
8,0,32,0,4,4,128,4,32,16,16,8,4,16,32,8,Left
8,32,0,4,8,128,4,0,32,32,8,0,4,16,32,8,Up
16,32,4,4,32,128,8,8,4,32,32,0,0,16,0,4,Left
16,32,8,0,32,128,16,0,4,64,0,4,16,4,0,0,Up
16,32,8,4,32,128,16,0,4,64,0,0,16,4,0,4,Down
16,32,4,0,32,128,0,0,4,64,8,0,16,4,16,8,Right
4,16,32,4,0,0,32,128,0,4,64,8,16,4,16,8,Down
0,4,0,0,0,0,64,4,4,16,64,128,16,8,16,16,Up
4,4,128,4,16,16,16,128,4,8,0,16,0,0,0,0,Right
0,8,128,4,0,16,32,128,0,4,8,16,0,0,0,4,Left
8,128,4,0,16,32,128,0,4,8,16,4,4,0,0,0,Up
8,128,4,4,16,32,128,0,8,8,16,0,0,0,4,0,Down
0,0,4,4,8,128,128,0,16,32,16,0,8,8,4,4,Left
8,0,0,0,8,256,0,0,16,32,16,4,16,8,0,0,Right
4,0,0,8,0,0,8,256,16,32,16,4,0,0,16,8,Right
4,0,4,8,0,0,8,256,16,32,16,4,0,0,16,8,Down
4,0,0,8,0,0,4,256,4,0,8,4,16,32,32,8,Left
4,8,0,4,4,256,0,0,4,8,4,0,16,64,8,0,Up
8,8,4,4,4,256,8,0,16,8,4,0,0,64,0,0,Left
16,8,0,0,4,256,8,0,16,8,4,4,64,0,0,0,Right
0,0,16,8,0,4,256,8,4,16,8,8,0,0,0,64,Left
16,8,0,0,4,256,8,0,4,16,16,0,64,4,0,0,Up
16,8,8,0,8,256,16,4,64,16,0,0,0,4,0,0,Up
16,8,8,4,8,256,16,0,64,16,4,0,0,4,0,0,Down
0,8,0,4,16,256,8,0,8,16,16,0,64,4,4,4,Up
16,8,8,8,8,256,16,0,64,16,4,4,0,4,0,0,Down
0,8,0,0,16,256,8,4,8,16,16,8,64,4,4,4,Right
0,0,4,8,16,256,8,4,0,8,32,8,0,64,4,8,Up
16,256,4,8,0,8,8,4,0,64,32,16,0,4,4,0,Right
16,256,4,8,0,0,16,4,0,64,32,16,0,0,4,8,Left
16,256,4,8,16,4,0,0,64,32,16,0,4,8,0,4,Up
32,256,4,8,64,4,16,4,4,32,4,0,0,8,0,0,Right
32,256,4,8,64,4,16,4,0,4,32,4,0,4,0,8,Left
32,256,4,8,64,4,16,4,4,32,4,0,4,8,4,0,Down
0,256,0,0,32,4,4,4,64,32,16,8,8,8,8,4,Left
256,0,0,0,32,8,4,0,64,32,16,8,16,8,4,4,Right
0,0,0,256,0,32,8,4,64,32,16,8,4,16,8,8,Right
0,0,0,256,4,32,8,4,64,32,16,8,0,4,16,16,Left
256,0,0,4,4,32,8,4,64,32,16,8,4,32,0,0,Down
256,0,4,0,4,0,0,0,64,32,8,8,4,64,16,8,Down
256,4,0,0,4,0,4,0,64,32,8,0,4,64,16,16,Right
0,0,256,4,0,0,0,8,0,64,32,8,4,4,64,32,Down
0,0,0,0,4,0,256,4,0,64,32,16,4,4,64,32,Right
0,0,0,0,0,4,256,4,0,64,32,16,4,8,64,32,Left
0,0,0,0,4,256,4,4,64,32,16,0,4,8,64,32,Right
0,0,4,0,0,4,256,8,0,64,32,16,4,8,64,32,Up
4,4,4,8,0,64,256,16,0,8,32,32,4,0,64,0,Left
8,4,8,0,64,256,16,4,8,64,0,0,4,64,0,0,Right
0,8,4,8,64,256,16,4,0,0,8,64,4,0,4,64,Up
64,8,4,8,4,256,16,4,0,0,8,128,4,0,4,0,Down
0,4,4,0,0,0,16,8,64,8,8,4,8,256,4,128,Left
8,0,0,0,16,8,4,0,64,16,4,0,8,256,4,128,Up
8,8,8,128,16,16,4,0,64,256,0,0,8,0,4,0,Up
8,8,8,128,16,16,8,0,64,256,0,0,8,0,4,0,Up
8,8,16,128,16,16,4,0,64,256,0,0,8,4,0,0,Left
16,16,128,0,32,4,4,0,64,256,0,0,8,4,0,0,Right
0,4,32,128,0,0,32,8,0,0,64,256,0,0,8,4,Down
0,0,0,128,4,0,64,8,0,0,64,256,0,4,8,4,Up
4,4,128,128,0,0,8,8,0,0,4,256,0,0,0,4,Left
8,256,0,4,16,0,0,0,4,256,0,0,4,0,0,0,Right
0,8,256,4,4,0,0,16,0,0,4,256,0,0,0,4,Down
0,0,4,4,0,0,0,16,0,0,256,256,4,8,4,4,Down
0,0,0,4,0,4,4,16,0,0,256,256,4,8,4,4,Down
0,0,0,4,4,0,4,16,0,4,256,256,4,8,4,4,Right
4,0,0,4,0,0,8,16,0,0,4,512,0,4,8,8,Left
8,0,0,0,8,16,0,0,4,512,0,4,4,16,0,0,Right
0,0,0,8,0,0,8,16,0,4,512,4,4,0,4,16,Down
0,4,0,8,0,0,8,16,0,0,512,4,4,4,4,16,Left
4,8,0,0,8,16,0,0,512,4,0,0,8,4,16,4,Down
4,0,0,0,8,8,0,4,512,16,0,0,8,8,16,4,Down
4,0,0,0,8,8,0,4,512,16,0,0,8,8,16,8,Up
4,8,16,4,8,16,0,8,512,8,4,0,8,0,0,0,Up
4,8,16,4,8,16,4,8,512,8,4,0,8,0,0,0,Down
4,0,0,4,8,8,0,0,512,16,16,4,8,8,8,8,Left
8,0,0,4,16,0,0,0,512,32,4,0,16,16,0,0,Up
8,32,4,4,16,16,0,0,512,4,0,0,16,0,0,0,Left
8,32,8,0,32,0,0,4,512,4,0,0,16,0,0,0,Right
0,8,32,8,0,0,32,4,0,4,512,4,0,0,0,16,Down
0,0,0,0,0,0,0,8,0,8,64,8,4,4,512,16,Down
0,0,0,0,0,0,4,0,0,8,64,16,4,4,512,16,Up
4,8,4,32,0,4,64,0,0,0,512,0,4,0,0,0,Up
8,8,4,32,4,4,64,0,0,0,512,0,0,0,0,0,Down
0,0,4,0,0,0,4,0,8,8,64,0,4,4,512,32,Up
8,8,8,32,4,4,64,0,0,0,512,0,0,0,0,4,Right
0,8,16,32,0,0,8,64,4,0,0,512,0,0,0,4,Left
8,16,32,0,8,64,0,0,4,512,0,0,4,0,4,0,Up
16,16,32,0,8,64,4,0,0,512,0,0,0,0,4,0,Left
32,32,0,0,8,64,4,0,512,4,0,0,4,0,0,0,Right
0,0,0,64,0,8,64,4,0,0,512,4,0,4,0,4,Up
0,8,64,64,0,4,512,8,0,0,0,4,0,0,4,0,Up
0,8,64,64,0,4,512,8,0,0,4,4,4,0,0,0,Down
4,0,0,0,0,0,64,64,0,8,512,8,4,4,4,4,Left
4,0,0,4,128,0,0,0,8,512,8,0,8,8,0,0,Left
8,4,0,0,128,0,0,0,8,512,8,0,16,0,0,0,Up
8,4,8,0,128,512,0,0,8,0,0,0,16,4,0,0,Right
0,8,4,8,0,0,128,512,0,0,0,8,0,4,16,4,Up
0,8,4,8,4,4,128,512,0,0,16,8,0,0,0,4,Up
4,8,4,8,0,4,128,512,0,0,16,8,0,0,4,4,Down
0,0,4,8,4,0,128,512,0,8,16,8,4,4,4,4,Right
0,0,4,8,0,4,128,512,0,8,16,8,4,0,8,8,Up
4,4,4,8,4,8,128,512,0,0,16,16,0,0,8,0,Down
0,0,4,0,0,0,128,8,4,4,16,512,8,8,8,16,Up
4,4,4,8,8,8,128,512,0,0,16,16,4,0,8,0,Up
4,4,4,8,8,8,128,512,4,4,16,16,0,0,8,0,Left
8,4,8,0,16,128,512,0,8,32,0,0,8,4,0,0,Down
0,4,0,4,8,128,0,0,16,32,8,0,16,4,512,0,Right
0,0,4,8,0,0,8,128,0,16,32,8,0,16,4,512,Down
4,0,4,8,0,0,8,128,0,0,32,8,0,32,4,512,Left
8,8,0,0,8,128,0,0,32,8,4,0,32,4,512,0,Right
0,0,0,16,0,0,8,128,4,32,8,4,0,32,4,512,Up
4,64,16,16,0,0,4,128,4,0,0,4,0,0,0,512,Right
0,4,64,32,0,4,4,128,0,0,0,8,0,0,0,512,Up
0,8,64,32,0,0,4,128,0,4,0,8,0,0,0,512,Up
0,8,64,32,0,4,4,128,0,4,0,8,0,0,0,512,Left
8,64,32,4,8,128,0,0,4,8,0,0,512,0,0,0,Right
8,64,32,4,0,0,8,128,0,0,4,8,4,0,0,512,Down
0,0,0,4,4,0,32,128,8,0,8,8,4,64,4,512,Right
0,0,0,4,0,4,32,128,4,0,8,16,4,64,4,512,Right
0,0,0,4,4,4,32,128,0,4,8,16,4,64,4,512,Left
4,0,0,0,8,32,128,4,4,8,16,0,4,64,4,512,Down
4,0,0,0,4,32,128,0,8,8,16,4,8,64,4,512,Right
0,0,0,4,0,4,32,128,4,16,16,4,8,64,4,512,Left
4,0,4,0,4,32,128,0,4,32,4,0,8,64,4,512,Down
0,0,0,0,4,0,4,4,8,64,128,0,8,64,8,512,Up
4,128,4,4,16,4,128,512,0,0,8,0,0,0,0,0,Down
4,0,0,0,0,0,4,0,4,128,128,4,16,4,8,512,Down
0,4,0,0,0,0,4,0,8,128,128,4,16,4,8,512,Right
0,0,0,4,0,4,0,4,0,8,256,4,16,4,8,512,Down
0,0,0,0,0,4,4,4,0,8,256,8,16,4,8,512,Up
16,4,4,4,4,8,256,8,0,4,8,512,0,0,0,0,Right
0,16,4,8,4,8,256,8,0,4,8,512,0,4,0,0,Up
4,16,4,16,4,8,256,512,0,8,8,0,0,0,0,0,Left
4,16,4,16,4,8,256,512,16,0,0,0,0,4,0,0,Left
4,16,4,16,4,8,256,512,16,0,4,0,4,0,0,0,Down
0,0,0,0,8,0,4,4,16,16,256,16,4,8,4,512,Right
0,4,0,0,0,0,8,8,0,32,256,16,4,8,4,512,Right
0,0,0,4,0,4,0,16,0,32,256,16,4,8,4,512,Up
4,4,256,4,0,32,4,32,0,8,4,512,0,0,0,0,Down
0,0,0,0,0,4,0,4,4,32,256,32,4,8,8,512,Right
4,0,0,0,0,0,0,8,4,32,256,32,0,4,16,512,Left
4,0,4,0,8,0,0,0,4,32,256,32,4,16,512,0,Down
0,0,0,0,4,0,4,4,8,32,256,0,8,16,512,32,Left
0,0,0,0,8,4,0,4,8,32,256,0,8,16,512,32,Right
0,0,0,0,0,4,8,8,0,8,32,256,8,16,512,32,Up
8,4,8,8,4,8,32,256,0,16,512,32,0,0,0,0,Right
0,8,4,16,4,8,32,256,0,16,512,32,0,0,4,0,Left
8,4,16,0,4,8,32,256,16,512,32,4,4,0,0,0,Down
8,4,0,0,4,4,0,0,16,8,16,256,4,512,64,4,Down
8,0,0,4,4,8,0,0,16,8,16,256,4,512,64,4,Down
8,0,0,0,4,4,0,4,16,16,16,256,4,512,64,4,Left
8,0,0,4,8,4,0,0,32,16,256,0,4,512,64,4,Down
4,0,0,0,16,4,0,0,32,16,256,0,4,512,64,8,Up
4,4,256,8,16,16,64,0,32,512,4,0,4,0,0,0,Right
4,8,256,8,0,0,32,64,0,32,512,4,0,0,0,4,Down
0,0,0,0,4,0,256,8,0,8,32,64,4,32,512,8,Left
0,0,0,0,4,256,8,0,8,32,64,4,4,32,512,8,Right
0,0,4,0,0,4,256,8,8,32,64,4,4,32,512,8,Up
8,4,4,8,4,64,256,4,0,0,64,8,0,4,512,0,Right
4,8,8,8,4,64,256,4,0,0,64,8,0,0,4,512,Down
0,0,8,8,0,0,256,4,4,8,64,8,8,64,4,512,Right
0,0,4,16,0,0,256,4,4,8,64,8,8,64,4,512,Left
4,16,4,0,256,4,0,0,4,8,64,8,8,64,4,512,Down
4,16,0,0,256,4,4,4,4,8,64,8,8,64,4,512,Right
4,0,4,16,0,256,4,8,4,8,64,8,8,64,4,512,Down
0,0,0,4,0,256,8,16,8,8,64,16,8,64,4,512,Right
0,0,0,4,4,256,8,16,0,16,64,16,8,64,4,512,Left
4,0,0,4,4,256,8,16,16,64,16,0,8,64,4,512,Right
0,0,4,8,4,256,8,16,0,16,64,16,8,64,4,512,Down
4,0,4,0,0,256,8,8,4,16,64,32,8,64,4,512,Up
8,256,4,8,8,16,8,32,0,64,64,512,0,4,4,0,Down
4,256,4,0,0,16,8,8,0,64,64,32,16,4,4,512,Left
4,256,4,0,16,16,0,0,128,32,0,0,16,8,512,4,Down
4,256,0,0,16,16,0,0,128,32,4,4,16,8,512,4,Up
4,256,4,8,16,16,512,0,128,32,0,0,16,8,4,0,Down
4,256,4,0,16,16,4,0,128,32,512,0,16,8,4,8,Left
4,256,4,0,32,4,4,0,128,32,512,0,16,8,4,8,Left
4,256,4,4,32,8,0,0,128,32,512,0,16,8,4,8,Left
4,256,8,4,32,8,0,0,128,32,512,0,16,8,4,8,Right
4,256,8,4,4,0,32,8,0,128,32,512,16,8,4,8,Up
8,256,8,4,16,128,64,8,0,8,4,512,4,0,0,8,Up
8,256,8,4,16,128,64,8,4,8,4,512,4,0,0,8,Right
8,256,8,4,16,128,64,8,4,8,4,512,4,0,4,8,Down
4,0,0,4,8,256,8,8,16,128,64,512,8,8,8,8,Left
8,0,0,0,8,256,16,0,16,128,64,512,16,16,0,4,Down
0,0,0,0,0,256,0,4,16,128,16,512,32,16,64,4,Left
0,4,0,0,256,4,0,0,16,128,16,512,32,16,64,4,Left
4,0,0,4,256,4,0,0,16,128,16,512,32,16,64,4,Left
8,0,4,0,256,4,0,0,16,128,16,512,32,16,64,4,Up
8,4,4,512,256,128,16,4,16,16,64,4,32,0,0,0,Left
8,8,512,0,256,128,16,4,32,64,4,4,32,0,0,0,Up
8,8,512,8,256,128,16,0,64,64,4,0,0,0,4,0,Right
4,16,512,8,0,256,128,16,0,0,128,4,0,0,0,4,Down
0,0,0,0,4,0,0,8,0,16,512,16,4,256,256,8,Left
0,0,4,0,4,8,0,0,16,512,16,0,4,512,8,0,Left
4,4,0,0,4,8,0,0,16,512,16,0,4,512,8,0,Down
0,0,0,0,8,4,0,0,16,8,16,0,4,1024,8,4,Right
0,0,0,4,0,0,8,4,0,16,8,16,4,1024,8,4,Down
0,0,4,0,0,0,0,8,0,16,8,16,4,1024,16,4,Down
0,0,0,0,0,0,4,8,4,16,8,16,4,1024,16,4,Up
8,16,4,8,0,1024,8,16,4,0,16,4,0,0,0,0,Up
8,16,4,8,4,1024,8,16,0,0,16,4,0,4,0,0,Up
8,16,4,8,4,1024,8,16,0,4,16,4,0,0,0,4,Up
8,16,4,8,4,1024,8,16,0,4,16,8,0,4,0,0,Up
8,16,4,8,4,1024,8,16,4,8,16,8,0,0,0,0,Up
8,16,4,8,8,1024,8,16,0,8,16,8,4,0,0,0,Left
8,16,4,8,8,1024,8,16,8,16,8,0,4,4,0,0,Up
16,16,4,8,8,1024,16,16,4,16,4,0,0,4,0,0,Left
32,4,8,0,8,1024,32,0,4,16,4,0,4,0,4,0,Down
0,0,0,0,32,4,8,0,8,1024,32,4,8,16,8,0,Down
4,0,0,0,0,4,8,0,32,1024,32,0,16,16,8,4,Down
4,0,0,0,4,4,8,0,32,1024,32,0,16,16,8,4,Right
4,0,0,4,0,0,8,8,0,32,1024,32,0,32,8,4,Up
4,64,8,4,0,0,1024,8,0,0,8,32,4,0,0,4,Right
4,64,8,4,0,0,1024,8,0,0,8,32,4,0,0,8,Right
4,64,8,4,0,0,1024,8,0,0,8,32,4,0,4,8,Up
8,64,8,4,0,4,1024,8,0,0,8,32,0,0,4,8,Left
8,64,8,4,4,1024,8,0,8,32,0,0,4,8,0,4,Right
8,64,8,4,0,4,1024,8,4,0,8,32,0,4,8,4,Down
0,0,4,4,0,0,8,8,8,64,1024,32,4,8,16,4,Left
8,4,0,0,16,0,0,0,8,64,1024,32,4,8,16,4,Up
8,4,1024,32,16,64,16,4,8,8,0,0,4,0,0,4,Left
8,4,1024,32,16,64,16,4,16,0,0,0,8,4,0,0,Up
8,4,1024,32,32,64,16,4,8,4,0,0,0,4,0,0,Up
8,4,1024,32,32,64,16,4,8,8,0,4,0,0,0,0,Right
8,4,1024,32,32,64,16,4,0,0,16,4,4,0,0,0,Down
0,0,0,0,8,4,0,0,32,4,1024,32,4,64,32,8,Up
8,8,1024,32,32,64,32,8,4,0,0,0,0,0,4,0,Left
16,1024,32,0,32,64,32,8,4,0,0,0,4,4,0,0,Down
0,4,0,0,16,1024,0,0,32,64,0,0,8,4,64,8,Right
0,0,0,4,4,0,16,1024,0,0,32,64,8,4,64,8,Right
0,0,0,4,0,4,16,1024,0,4,32,64,8,4,64,8,Up
8,8,16,4,4,4,32,1024,0,0,64,64,0,0,0,8,Left
16,16,4,0,8,32,1024,0,128,0,4,0,8,0,0,0,Down
16,4,0,0,8,0,4,0,128,16,1024,0,8,32,4,0,Left
16,4,0,0,8,4,0,4,128,16,1024,0,8,32,4,0,Down
16,0,0,0,8,8,0,4,128,16,1024,0,8,32,4,4,Up
16,8,1024,8,8,16,4,0,128,32,0,0,8,0,4,0,Down
16,0,0,0,8,8,4,0,128,16,1024,0,8,32,8,8,Left
16,4,0,0,16,4,0,0,128,16,1024,0,8,32,16,0,Up
32,8,1024,0,128,16,16,0,8,32,0,0,0,0,0,4,Left
32,8,1024,0,128,32,0,0,8,32,0,0,4,0,0,4,Left
32,8,1024,0,128,32,0,0,8,32,0,0,8,4,0,0,Up
32,8,1024,0,128,64,0,0,16,4,4,0,0,0,0,0,Up
32,8,1024,0,128,64,4,4,16,4,0,0,0,0,0,0,Right
0,32,8,1024,0,128,64,8,0,0,16,4,0,0,0,4,Down
0,0,0,0,0,0,8,1024,0,32,64,8,4,128,16,8,Up
4,32,8,1024,0,128,64,16,0,0,16,0,0,4,0,0,Left
4,32,8,1024,128,64,16,0,16,4,0,0,4,0,0,0,Down
4,0,0,4,128,32,0,0,16,64,8,0,4,4,16,1024,Up
4,32,8,4,128,64,16,1024,16,4,0,0,4,0,4,0,Right
4,32,8,4,128,64,16,1024,0,0,16,4,4,0,0,8,Down
4,0,0,4,4,0,0,1024,128,32,8,4,4,64,32,8,Left
8,0,4,0,4,1024,0,0,128,32,8,4,4,64,32,8,Down
8,0,0,4,4,1024,4,0,128,32,8,4,4,64,32,8,Left
8,4,0,4,4,1024,4,0,128,32,8,4,4,64,32,8,Up
8,4,4,8,4,1024,8,8,128,32,32,4,4,64,0,0,Up
8,4,4,16,4,1024,8,4,128,32,32,0,4,64,4,0,Left
8,8,16,4,4,1024,8,4,128,64,0,0,4,64,4,0,Up
8,8,16,8,4,1024,8,0,128,128,4,0,4,4,0,0,Down
8,8,0,4,4,1024,16,0,128,128,8,0,4,4,4,8,Right
0,0,16,4,0,4,1024,16,4,0,256,8,0,4,8,8,Right
0,0,16,4,0,4,1024,16,0,4,256,8,4,0,4,16,Up
4,8,16,4,0,0,1024,16,0,0,256,8,0,4,4,16,Up
4,8,16,4,0,4,1024,16,0,0,256,8,0,4,4,16,Left
4,8,16,4,4,1024,16,0,256,8,0,0,8,16,0,4,Down
0,8,0,0,8,1024,4,0,256,8,0,0,8,16,32,8,Left
8,0,0,0,8,1024,4,0,256,8,0,4,8,16,32,8,Down
0,0,4,0,16,1024,0,0,256,8,4,4,8,16,32,8,Right
0,0,0,4,4,0,16,1024,0,256,8,8,8,16,32,8,Up
4,256,16,4,8,16,8,1024,0,0,32,16,0,0,0,4,Down
0,0,0,4,4,0,16,1024,4,256,8,16,8,16,32,4,Left
4,0,0,0,4,16,1024,4,4,256,8,16,8,16,32,4,Down
0,4,0,0,4,16,1024,4,8,256,8,16,8,16,32,4,Up
4,4,1024,4,16,16,8,16,4,256,32,4,0,16,0,0,Left
8,1024,4,0,32,8,16,0,4,256,32,4,16,0,4,0,Right
0,8,1024,4,0,32,8,16,4,256,32,4,0,4,16,4,Down
0,8,1024,0,4,32,8,4,0,256,32,16,4,4,16,8,Right
4,0,8,1024,4,32,8,4,0,256,32,16,0,8,16,8,Left
4,8,1024,4,4,32,8,4,256,32,16,0,8,16,8,0,Down
0,4,1024,0,8,8,8,0,256,64,16,0,8,16,8,8,Right
0,0,4,1024,0,0,8,16,4,256,64,16,0,8,16,16,Right
0,0,4,1024,0,4,8,16,4,256,64,16,0,0,8,32,Down
0,4,4,0,0,0,8,1024,0,4,64,32,4,256,8,32,Right
0,0,0,8,4,0,8,1024,0,4,64,32,4,256,8,32,Right
0,0,0,8,4,4,8,1024,0,4,64,32,4,256,8,32,Right
0,0,0,8,0,8,8,1024,4,4,64,32,4,256,8,32,Up
8,8,8,8,0,4,64,1024,0,256,8,64,0,0,4,0,Right
0,0,16,16,0,4,64,1024,0,256,8,64,0,0,4,4,Right
0,0,0,32,0,4,64,1024,0,256,8,64,0,4,0,8,Down
0,0,0,32,0,4,0,1024,4,256,64,64,0,4,8,8,Right
0,0,0,32,0,4,4,1024,0,4,256,128,0,0,4,16,Left
32,0,0,0,8,1024,0,0,4,256,128,4,4,16,0,0,Right
0,0,0,32,4,0,8,1024,4,256,128,4,0,0,4,16,Down
0,0,4,32,0,0,8,1024,0,0,128,4,8,256,4,16,Left
4,32,4,0,8,1024,0,0,128,4,0,0,8,256,4,16,Right
0,4,32,4,0,0,8,1024,0,4,128,4,8,256,4,16,Down
0,0,32,4,4,0,8,1024,0,8,128,4,8,256,4,16,Right
0,0,32,4,0,4,8,1024,4,8,128,4,8,256,4,16,Left
32,4,0,0,4,8,1024,4,4,8,128,4,8,256,4,16,Up
32,4,1024,8,8,16,128,16,8,256,4,0,4,0,0,0,Down
0,0,4,0,32,4,1024,0,16,16,128,8,4,256,4,16,Left
4,0,0,0,32,4,1024,0,32,128,8,4,4,256,4,16,Down
0,4,0,0,4,4,1024,0,64,128,8,4,4,256,4,16,Up
4,8,1024,4,64,128,8,16,4,256,4,0,0,0,4,0,Up
4,8,1024,4,64,128,8,16,4,256,8,4,0,0,0,0,Down
0,0,0,0,4,8,4,4,64,128,1024,16,4,256,16,4,Right
0,0,0,4,0,4,8,8,64,128,1024,16,4,256,16,4,Right
0,0,0,4,0,4,4,16,64,128,1024,16,4,256,16,4,Down
0,4,0,0,0,4,4,4,64,128,1024,32,4,256,16,4,Left
4,0,0,4,8,4,0,0,64,128,1024,32,4,256,16,4,Down
4,4,0,0,8,4,0,4,64,128,1024,32,4,256,16,4,Right
0,0,0,8,4,0,8,8,64,128,1024,32,4,256,16,4,Right
0,0,0,8,4,0,4,16,64,128,1024,32,4,256,16,4,Left
8,0,0,0,8,16,0,4,64,128,1024,32,4,256,16,4,Up
16,16,1024,4,64,128,16,32,4,256,4,4,0,0,0,0,Down
0,0,4,0,16,16,1024,4,64,128,16,32,4,256,4,4,Right
0,4,0,4,0,32,1024,4,64,128,16,32,0,4,256,8,Left
8,4,0,0,32,1024,4,0,64,128,16,32,4,256,8,0,Up
8,4,4,32,32,1024,16,0,64,128,8,0,4,256,4,0,Right
4,8,8,32,0,32,1024,16,0,64,128,8,0,4,256,4,Down
4,8,8,32,0,32,1024,16,0,64,128,8,4,4,256,4,Down
0,8,8,32,4,32,1024,16,0,64,128,8,8,4,256,4,Down
0,8,8,32,4,32,1024,16,4,64,128,8,8,4,256,4,Down
4,8,8,32,0,32,1024,16,8,64,128,8,8,4,256,4,Down
4,8,8,32,0,32,1024,16,4,64,128,8,16,4,256,4,Down
4,8,8,32,0,32,1024,16,8,64,128,8,16,4,256,4,Down
4,8,8,32,4,32,1024,16,8,64,128,8,16,4,256,4,Left
4,16,32,4,4,32,1024,16,8,64,128,8,16,4,256,4,Up
8,16,32,4,8,32,1024,16,16,64,128,8,4,4,256,4,Down
4,16,32,4,16,32,1024,16,16,64,128,8,4,4,256,4,Up
4,16,32,4,32,32,1024,16,4,64,128,8,4,4,256,4,Right
4,16,32,4,0,64,1024,16,4,64,128,8,4,8,256,4,Down
4,0,32,4,0,16,1024,16,4,128,128,8,8,8,256,4,Down
0,4,32,4,0,16,1024,16,8,128,128,8,8,8,256,4,Left
4,32,4,0,16,1024,16,4,8,256,8,0,16,256,4,0,Right
0,4,32,4,16,1024,16,4,4,8,256,8,0,16,256,4,Down
0,4,0,4,0,1024,32,8,16,8,16,8,4,16,512,4,Up
16,4,32,4,4,1024,16,16,4,8,512,4,0,16,0,0,Down
0,4,0,0,4,1024,32,4,16,8,16,16,8,16,512,4,Left
4,0,4,0,4,1024,32,4,16,8,32,0,8,16,512,4,Up
8,1024,4,8,16,8,64,0,8,16,512,0,4,0,0,0,Right
8,1024,4,8,4,16,8,64,0,8,16,512,0,0,0,4,Down
0,4,0,8,0,1024,4,64,8,16,8,512,4,8,16,4,Left
4,8,4,0,1024,4,64,0,8,16,8,512,4,8,16,4,Right
4,4,8,4,0,1024,4,64,8,16,8,512,4,8,16,4,Down
4,4,8,4,4,1024,4,64,8,16,8,512,4,8,16,4,Left
8,8,4,4,4,1024,4,64,8,16,8,512,4,8,16,4,Up
8,8,8,4,4,1024,8,64,8,16,16,512,4,8,4,4,Down
8,8,4,4,4,1024,16,64,8,16,16,512,4,8,4,4,Down
8,8,4,4,4,1024,4,64,8,16,32,512,4,8,4,4,Left
16,8,4,0,4,1024,4,64,8,16,32,512,4,8,8,0,Left
16,8,4,0,4,1024,4,64,8,16,32,512,4,16,0,4,Up
16,8,8,64,4,1024,32,512,8,32,0,4,4,0,0,4,Left
16,16,64,0,4,1024,32,512,8,32,4,4,8,0,0,0,Right
0,0,32,64,4,1024,32,512,0,8,32,8,0,0,4,8,Up
4,1024,64,64,4,8,32,512,0,0,4,16,0,0,0,0,Left
4,1024,128,0,4,8,32,512,4,16,0,4,0,0,0,0,Down
4,0,0,0,0,1024,0,0,4,8,128,512,8,16,32,4,Left
4,0,4,0,1024,0,0,0,4,8,128,512,8,16,32,4,Left
8,0,4,0,1024,0,0,0,4,8,128,512,8,16,32,4,Down
8,0,0,4,1024,0,4,0,4,8,128,512,8,16,32,4,Right
0,4,8,4,0,0,1024,4,4,8,128,512,8,16,32,4,Left
4,8,4,0,1024,4,0,4,4,8,128,512,8,16,32,4,Left
4,8,4,4,1024,8,0,0,4,8,128,512,8,16,32,4,Up
4,16,4,4,1024,8,128,512,4,16,32,4,8,0,0,4,Right
0,4,16,8,1024,8,128,512,4,16,32,4,0,4,8,4,Down
0,4,16,0,4,8,128,8,1024,16,32,512,4,4,8,8,Right
0,0,4,16,4,8,128,8,1024,16,32,512,4,0,8,16,Up
4,8,4,16,1024,16,128,8,4,4,32,512,0,0,8,16,Right
4,8,4,16,1024,16,128,8,4,8,32,512,0,0,8,16,Down
0,4,4,16,4,8,128,8,1024,16,32,512,4,8,8,16,Left
8,16,4,0,4,8,128,8,1024,16,32,512,4,16,16,0,Left
8,16,4,0,4,8,128,8,1024,16,32,512,4,32,4,0,Down
8,16,4,0,4,8,128,4,1024,16,32,8,4,32,4,512,Right
4,8,16,4,4,8,128,4,1024,16,32,8,4,32,4,512,Down
0,0,16,4,8,16,128,8,1024,16,32,8,4,32,4,512,Up
8,32,16,4,1024,32,128,16,4,0,32,512,4,0,4,0,Up
8,64,16,4,1024,0,128,16,8,4,32,512,0,0,4,0,Left
8,64,16,4,1024,128,16,0,8,4,32,512,4,0,0,4,Up
8,64,32,4,1024,128,32,512,8,4,0,4,4,0,0,4,Right
8,64,32,4,1024,128,32,512,0,0,8,8,0,4,0,8,Up
8,64,64,4,1024,128,8,512,4,4,0,16,0,0,0,0,Left
8,128,4,0,1024,128,8,512,8,16,0,0,0,4,0,0,Down
0,0,0,0,8,256,4,0,1024,16,4,0,8,4,8,512,Up
8,256,8,512,1024,16,8,4,8,4,0,0,0,0,0,0,Right
8,256,8,512,1024,16,8,4,0,0,8,4,0,4,0,0,Down
0,0,0,4,0,256,0,0,8,16,8,512,1024,4,16,8,Up
8,256,8,4,1024,16,16,512,0,4,0,8,0,0,4,0,Left
8,256,8,4,1024,32,512,0,4,8,4,0,4,0,0,0,Up
8,256,8,4,1024,32,512,0,8,8,4,0,4,0,0,0,Left
8,256,8,4,1024,32,512,0,16,4,0,0,4,0,4,0,Right
8,256,8,4,4,1024,32,512,0,0,16,4,0,0,0,8,Left
8,256,8,4,4,1024,32,512,16,4,0,0,8,4,0,0,Down
8,0,0,0,4,256,0,4,16,1024,8,4,8,8,32,512,Left
8,0,0,0,4,256,4,4,16,1024,8,4,16,32,512,0,Down
4,0,0,0,8,256,4,0,4,1024,8,0,32,32,512,8,Right
0,0,4,4,0,8,256,4,0,4,1024,8,0,64,512,8,Down
0,4,4,0,0,8,256,0,0,4,1024,8,0,64,512,16,Right
0,0,0,8,0,4,8,256,0,4,1024,8,0,64,512,16,Up
4,8,8,8,0,64,1024,256,0,0,512,8,0,0,0,16,Right
4,4,8,16,0,64,1024,256,0,0,512,8,0,0,0,16,Right
0,8,8,16,0,64,1024,256,0,4,512,8,0,0,0,16,Left
16,16,0,0,64,1024,256,0,4,512,8,0,16,4,0,0,Right
0,0,0,32,0,64,1024,256,4,4,512,8,0,0,16,4,Left
32,4,0,0,64,1024,256,0,8,512,8,0,16,4,0,0,Up
32,4,256,0,64,1024,8,0,8,512,0,0,16,4,0,4,Right
4,32,4,256,0,64,1024,8,0,0,8,512,0,0,16,8,Left
4,32,4,256,64,1024,8,0,8,512,0,0,16,8,0,4,Up
4,32,4,256,64,1024,8,4,8,512,0,0,16,8,0,4,Right
4,32,4,256,64,1024,8,4,0,4,8,512,0,16,8,4,Down
4,32,0,256,0,1024,4,4,4,4,8,512,64,16,16,4,Left
4,32,256,4,1024,8,0,0,8,8,512,0,64,32,4,0,Up
4,32,256,4,1024,16,512,4,8,32,4,0,64,0,0,0,Up
4,32,256,8,1024,16,512,0,8,32,4,4,64,0,0,0,Right
4,32,256,8,4,1024,16,512,0,8,32,8,0,0,0,64,Down
0,0,4,8,0,32,256,512,0,1024,16,8,8,8,32,64,Left
4,8,0,0,32,256,512,4,1024,16,8,0,16,32,64,0,Right
0,0,4,8,32,256,512,4,4,1024,16,8,0,16,32,64,Up
32,256,4,8,4,1024,512,4,0,16,16,8,4,0,32,64,Right
32,256,4,8,4,1024,512,4,4,0,32,8,0,4,32,64,Down
0,0,4,8,0,256,4,4,32,1024,512,8,8,4,64,64,Left
4,8,4,0,256,8,0,0,32,1024,512,8,8,4,128,0,Down
4,0,0,0,256,16,4,4,32,1024,512,0,8,4,128,8,Right
4,0,0,4,0,256,16,8,0,32,1024,512,8,4,128,8,Right
0,0,0,8,0,256,16,8,4,32,1024,512,8,4,128,8,Left
8,0,0,0,256,16,8,4,4,32,1024,512,8,4,128,8,Right
0,4,0,8,256,16,8,4,4,32,1024,512,8,4,128,8,Left
4,8,4,0,256,16,8,4,4,32,1024,512,8,4,128,8,Right
4,4,8,4,256,16,8,4,4,32,1024,512,8,4,128,8,Left
8,8,4,4,256,16,8,4,4,32,1024,512,8,4,128,8,Up
8,8,4,8,256,16,8,512,4,32,1024,8,8,4,128,4,Left
16,4,8,4,256,16,8,512,4,32,1024,8,8,4,128,4,Up
16,4,16,4,256,16,1024,512,4,32,128,8,8,4,4,4,Left
16,4,16,4,256,16,1024,512,4,32,128,8,8,8,4,4,Right
16,4,16,4,256,16,1024,512,4,32,128,8,4,0,16,8,Down
0,0,16,4,16,4,1024,4,256,16,128,512,8,32,16,16,Right
0,0,16,4,16,4,1024,4,256,16,128,512,4,8,32,32,Left
16,4,0,0,16,4,1024,4,256,16,128,512,4,8,64,4,Down
0,0,0,4,32,8,1024,4,256,16,128,512,4,8,64,4,Left
4,0,0,4,32,8,1024,4,256,16,128,512,4,8,64,4,Up
4,8,1024,8,32,16,128,512,256,8,64,4,4,0,4,0,Right
4,8,1024,8,32,16,128,512,256,8,64,4,0,0,4,8,Down
0,4,1024,8,4,8,128,512,32,16,64,4,256,8,4,8,Left
4,1024,8,4,4,8,128,512,32,16,64,4,256,8,4,8,Down
4,1024,8,4,8,8,128,512,32,16,64,4,256,8,4,8,Right
4,1024,8,4,4,16,128,512,32,16,64,4,256,8,4,8,Down
0,4,8,4,8,1024,128,512,32,32,64,4,256,8,4,8,Right
4,4,8,4,8,1024,128,512,0,64,64,4,256,8,4,8,Up
4,4,8,4,8,1024,128,512,256,64,64,4,4,8,4,8,Right
4,8,8,4,8,1024,128,512,0,256,128,4,4,8,4,8,Up
4,8,8,4,8,1024,256,512,4,256,4,4,0,8,4,8,Right
0,4,16,4,8,1024,256,512,4,4,256,8,0,8,4,8,Up
8,4,16,4,4,1024,512,512,0,4,4,16,0,8,0,4,Right
8,4,16,4,0,4,1024,1024,4,0,8,16,0,0,8,4,Left
8,4,16,4,4,2048,0,0,4,8,16,0,8,4,0,0,None
